[[EpsonView]]
[[Training]]
[TrainingResult]
TrainingName,workout xxxx
Memo,
FormatType,1
TrainingKindId,StartDay,StartTime,TrainingTime,Distance,Rank,Weather,CreateDate,Version,TimeZoneOffset,DaylightSavingsTime,EndDay,EndTime,TrainingTimeCentisecond,RegistStatus,WeightManual,BodyFat,Temperature,ShareId,ShareFlag,MapDispFlag,EventEdit,UpdateDate,CreateCustomizeFlag,IntegrationStatus,WeatherEdit,TemperatureEdit
1,2025/05/06,00:21:40,309,319,,0,2025/05/06,16,540,0,2025/05/06,00:26:53,70,1,,,,,0,0,0,2025/05/06,0,,,
[TrainingData]
LapCount,ProductName,Calorie,PaceAve,SpeedAve,PitchAve,StrideAve,PulseAve,AltitudeStart,AltitudeGoal,AltitudeMax,AltitudeMin,Event,Mode,Steps,TotalAscentAltitude,TotalDescentAltitude,MaxHeartRate,MinHeartRate,StayTimeHrzone1,StayTimeHrzone2,StayTimeHrzone3,StayTimeHrzone4,StayTimeHrzone5,LastLogInterval,VO2Max,Reliability,EstimateTime5km,EstimateTime10km,EstimateTimeHalf,EstimateTimeFull
1,92533000F075902E,25,968,3716,58,44,,32770,157,166,133,0,0,300,18,13,,,0,0,0,0,0,1,,,,,
[GraphData]
LogInterval,1
HrInterval,1
GraphAltitude,0
GraphSpeed,0
GraphPitch,0
GraphStride,0
GraphDistance,0
HeartRate,0
Slope,0
HeartRateFlag,0
[GPSData]
GpsTime,0
GpsLatitude,0
GpsLongitude,0
GpsAltitude,0
GpsDirection,0
GpsSpeed,0
GpsStatus,0
[LapData]
LapNo,EndPoint,LapTime,LapDistance,LapCalorie,LapPaceAve,LapSpeedAve,LapPitchAve,LapStrideAve,LapKind,LapSteps,LapSplitTime,LapSplitDistance,LapAscentAltitude,LapDescentAltitude,LapMaxHeartRate,LapMinHeartRate,LapAverageHeartRate,LapHrzoneStayTime,LapHrzoneArrivalTime,LapHrzoneUpperLimit,LapHrzoneLowerLimit,LapTimeCentisecond
1,999999,309,319,25,968,3716,58,44,1,300,309,319,18,13,,,,0,0,0,0,68
[TrainingSettingData]
UlVersion,FwVersion,UploadOs,ModelType,Destination,Weight,Height,Autopause,Birthday,Sex,Atache,TargetHrzone1Upper,TargetHrzone1Lower,TargetHrzone2Upper,TargetHrzone2Lower,TargetHrzone3Upper,TargetHrzone3Lower,TargetHrzone4Upper,TargetHrzone4Lower,TargetHrzone5Upper,TargetHrzone5Lower,IndoorMode,LoggerMode,Measure3dFlag,Age,DefaultBirthdayFlag,ItemName,EvappVersion,EvappName
"12.0.0.0","01.44","Microsoft Windows 6.2, 64-bit,x","E209","    ",60,170,0,197501,0,1,255,255,255,255,255,255,255,255,255,255,0,0,,,1,SF Series           ,2.3.4.0,
[[end]]
