[[EpsonView]]
[[Training]]
[TrainingResult]
TrainingName,workout xxxx
Memo,
FormatType,1
TrainingKindId,StartDay,StartTime,TrainingTime,Distance,Rank,Weather,CreateDate,Version,TimeZoneOffset,DaylightSavingsTime,EndDay,EndTime,TrainingTimeCentisecond,RegistStatus,WeightManual,BodyFat,Temperature,ShareId,ShareFlag,MapDispFlag,EventEdit,UpdateDate,CreateCustomizeFlag,IntegrationStatus,WeatherEdit,TemperatureEdit
1,2025/05/13,22:31:56,3531,10028,,0,2025/05/13,16,540,0,2025/05/13,23:31:19,89,1,,,,,0,0,0,2025/05/13,0,,,
[TrainingData]
LapCount,ProductName,Calorie,PaceAve,SpeedAve,PitchAve,StrideAve,PulseAve,AltitudeStart,AltitudeGoal,AltitudeMax,AltitudeMin,Event,Mode,Steps,TotalAscentAltitude,TotalDescentAltitude,MaxHeartRate,MinHeartRate,StayTimeHrzone1,StayTimeHrzone2,StayTimeHrzone3,StayTimeHrzone4,StayTimeHrzone5,LastLogInterval,VO2Max,Reliability,EstimateTime5km,EstimateTime10km,EstimateTimeHalf,EstimateTimeFull
5,92533000F075902E,700,352,10223,163,103,,146,138,172,121,0,0,9603,156,172,,,0,0,0,0,0,1,,,,,
[GraphData]
LogInterval,1
HrInterval,1
GraphAltitude,0
GraphSpeed,0
GraphPitch,0
GraphStride,0
GraphDistance,0
HeartRate,0
Slope,0
HeartRateFlag,0
[GPSData]
GpsTime,0
GpsLatitude,0
GpsLongitude,0
GpsAltitude,0
GpsDirection,0
GpsSpeed,0
GpsStatus,0
[LapData]
LapNo,EndPoint,LapTime,LapDistance,LapCalorie,LapPaceAve,LapSpeedAve,LapPitchAve,LapStrideAve,LapKind,LapSteps,LapSplitTime,LapSplitDistance,LapAscentAltitude,LapDescentAltitude,LapMaxHeartRate,LapMinHeartRate,LapAverageHeartRate,LapHrzoneStayTime,LapHrzoneArrivalTime,LapHrzoneUpperLimit,LapHrzoneLowerLimit,LapTimeCentisecond
1,1,698,1998,139,349,10304,162,104,0,1898,698,1998,28,55,,,,0,0,0,0,75
2,2,739,1979,145,373,9640,158,99,0,1948,1438,3978,46,30,,,,0,0,0,0,39
3,3,712,2007,139,354,10147,163,103,0,1938,2150,5986,31,27,,,,0,0,0,0,58
4,4,736,2022,140,364,9890,162,102,0,1997,2887,8008,19,28,,,,0,0,0,0,39
5,999999,644,2019,137,318,11286,169,108,1,1820,3531,10028,32,32,,,,0,0,0,0,70
[TrainingSettingData]
UlVersion,FwVersion,UploadOs,ModelType,Destination,Weight,Height,Autopause,Birthday,Sex,Atache,TargetHrzone1Upper,TargetHrzone1Lower,TargetHrzone2Upper,TargetHrzone2Lower,TargetHrzone3Upper,TargetHrzone3Lower,TargetHrzone4Upper,TargetHrzone4Lower,TargetHrzone5Upper,TargetHrzone5Lower,IndoorMode,LoggerMode,Measure3dFlag,Age,DefaultBirthdayFlag,ItemName,EvappVersion,EvappName
"12.0.0.0","01.44","Microsoft Windows 6.2, 64-bit,x","E209","    ",60,170,0,197501,0,1,255,255,255,255,255,255,255,255,255,255,0,0,,,1,SF Series           ,2.3.4.0,
[[end]]
